{
    "final_metrics": {
        "mse": 0.4641329541321399,
        "rmse": 0.6778366747467575,
        "training_history": {
            "loss": [
                3.7813825607299805,
                2.3398748874664306,
                0.8754648685455322,
                0.2999563798308372,
                0.22447237074375154,
                0.1960943654179573,
                0.1873809039592743,
                0.17825573086738586,
                0.17021417766809463,
                0.17309265881776809,
                0.16915882676839827,
                0.16261193305253982,
                0.1621050462126732,
                0.16011140123009682,
                0.16375701129436493,
                0.16109938621520997,
                0.1570201963186264,
                0.15387428253889085,
                0.15014913082122802,
                0.15218334197998046,
                0.14966413080692292,
                0.14873286858201026,
                0.1445940352976322,
                0.14480913281440735,
                0.14493924379348755,
                0.1427808739244938,
                0.13968156427145004,
                0.14051756784319877,
                0.13670364543795585,
                0.13629075810313224,
                0.13389624282717705,
                0.13654511645436287,
                0.13405644297599792,
                0.13395945951342583,
                0.1317109853029251,
                0.1298458084464073,
                0.12869898229837418,
                0.1280568242073059,
                0.12609665766358374,
                0.1270115926861763,
                0.12334423512220383,
                0.12103948071599006,
                0.12060781791806222,
                0.1210822381079197,
                0.11996292769908905,
                0.11531859040260314,
                0.11573934704065322,
                0.115904900431633,
                0.11305678263306618,
                0.1120115838944912
            ],
            "mse": [
                3.7813825607299805,
                2.3398748874664306,
                0.8754648685455322,
                0.2999563798308372,
                0.22447237074375154,
                0.1960943654179573,
                0.1873809039592743,
                0.17825573086738586,
                0.17021417766809463,
                0.17309265881776809,
                0.16915882676839827,
                0.16261193305253982,
                0.1621050462126732,
                0.16011140123009682,
                0.16375701129436493,
                0.16109938621520997,
                0.1570201963186264,
                0.15387428253889085,
                0.15014913082122802,
                0.15218334197998046,
                0.14966413080692292,
                0.14873286858201026,
                0.1445940352976322,
                0.14480913281440735,
                0.14493924379348755,
                0.1427808739244938,
                0.13968156427145004,
                0.14051756784319877,
                0.13670364543795585,
                0.13629075810313224,
                0.13389624282717705,
                0.13654511645436287,
                0.13405644297599792,
                0.13395945951342583,
                0.1317109853029251,
                0.1298458084464073,
                0.12869898229837418,
                0.1280568242073059,
                0.12609665766358374,
                0.1270115926861763,
                0.12334423512220383,
                0.12103948071599006,
                0.12060781791806222,
                0.1210822381079197,
                0.11996292769908905,
                0.11531859040260314,
                0.11573934704065322,
                0.115904900431633,
                0.11305678263306618,
                0.1120115838944912
            ],
            "rmse": [
                1.9427807331085205,
                1.5219862580299377,
                0.9214379906654357,
                0.5448664337396621,
                0.4733275532722473,
                0.44252011775970457,
                0.43255396783351896,
                0.421624431014061,
                0.41223137974739077,
                0.41592172980308534,
                0.410390293598175,
                0.40283661186695097,
                0.4022321939468384,
                0.39955528676509855,
                0.40340123772621156,
                0.4010087549686432,
                0.39584834277629855,
                0.39190355539321897,
                0.387025249004364,
                0.38947265446186063,
                0.38619067072868346,
                0.3852078378200531,
                0.3797226041555405,
                0.3802926391363144,
                0.3799629181623459,
                0.37707223892211916,
                0.3732781171798706,
                0.3732252776622772,
                0.36939447820186616,
                0.36819884181022644,
                0.365267476439476,
                0.3689113259315491,
                0.36564682722091674,
                0.36544243395328524,
                0.36274395883083344,
                0.3599147915840149,
                0.35788668394088746,
                0.3576287358999252,
                0.35460408627986906,
                0.35579237937927244,
                0.3507319360971451,
                0.347527351975441,
                0.34663245677947996,
                0.34720892310142515,
                0.3458328008651733,
                0.33917360901832583,
                0.33987029194831847,
                0.3402715712785721,
                0.33610213100910186,
                0.3344700694084167
            ]
        }
    }
}