{
    "final_metrics": {
        "mse": 0.46760812047088135,
        "rmse": 0.6800786087814537,
        "training_history": {
            "loss": [
                3.7503485441207887,
                2.2581742882728575,
                0.9070914536714554,
                0.3447076678276062,
                0.23258540034294128,
                0.20497775822877884,
                0.19048895686864853,
                0.1744634136557579,
                0.17346656024456025,
                0.17132789939641951,
                0.16653874814510344,
                0.16670652329921723,
                0.16678426712751387,
                0.1598083809018135,
                0.1586213678121567,
                0.15398419499397278,
                0.150947904586792,
                0.15315229594707488,
                0.15213359594345094,
                0.1507783755660057,
                0.15134323835372926,
                0.14868707358837127,
                0.14533299654722215,
                0.145477032661438,
                0.14011770188808442,
                0.14129128083586692,
                0.14223771840333937,
                0.14254466444253922,
                0.1396232306957245,
                0.13666941970586777,
                0.1332016907632351,
                0.13213273882865906,
                0.1349546454846859,
                0.13310524746775626,
                0.13432482108473778,
                0.13233639150857926,
                0.1329261027276516,
                0.13177238926291465,
                0.12866215407848358,
                0.12780358344316484,
                0.12720928564667702,
                0.12428331673145294,
                0.1224341295659542,
                0.12667813524603844,
                0.12160187363624572,
                0.12098021879792213,
                0.12224146798253059,
                0.11858883649110794,
                0.11911598891019821,
                0.11807728186249733
            ],
            "mse": [
                3.7503485441207887,
                2.2581742882728575,
                0.9070914536714554,
                0.3447076678276062,
                0.23258540034294128,
                0.20497775822877884,
                0.19048895686864853,
                0.1744634136557579,
                0.17346656024456025,
                0.17132789939641951,
                0.16653874814510344,
                0.16670652329921723,
                0.16678426712751387,
                0.1598083809018135,
                0.1586213678121567,
                0.15398419499397278,
                0.150947904586792,
                0.15315229594707488,
                0.15213359594345094,
                0.1507783755660057,
                0.15134323835372926,
                0.14868707358837127,
                0.14533299654722215,
                0.145477032661438,
                0.14011770188808442,
                0.14129128083586692,
                0.14223771840333937,
                0.14254466444253922,
                0.1396232306957245,
                0.13666941970586777,
                0.1332016907632351,
                0.13213273882865906,
                0.1349546454846859,
                0.13310524746775626,
                0.13432482108473778,
                0.13233639150857926,
                0.1329261027276516,
                0.13177238926291465,
                0.12866215407848358,
                0.12780358344316484,
                0.12720928564667702,
                0.12428331673145294,
                0.1224341295659542,
                0.12667813524603844,
                0.12160187363624572,
                0.12098021879792213,
                0.12224146798253059,
                0.11858883649110794,
                0.11911598891019821,
                0.11807728186249733
            ],
            "rmse": [
                1.9338492393493651,
                1.4952476620674133,
                0.9406346023082733,
                0.5849078297615051,
                0.4819704294204712,
                0.4524825423955917,
                0.4359418213367462,
                0.41698563396930693,
                0.4160226911306381,
                0.4134934991598129,
                0.4073689430952072,
                0.40744562447071075,
                0.407708939909935,
                0.3994281977415085,
                0.39817205667495725,
                0.3921552747488022,
                0.3882448136806488,
                0.39108367562294005,
                0.3893857568502426,
                0.38790133595466614,
                0.3881924271583557,
                0.38521239161491394,
                0.380985364317894,
                0.38091710209846497,
                0.3736453205347061,
                0.3756267249584198,
                0.376776185631752,
                0.3769446164369583,
                0.3731533497571945,
                0.36929396986961366,
                0.3640512764453888,
                0.3619918584823608,
                0.3669604390859604,
                0.36421319246292116,
                0.3658985048532486,
                0.3630090683698654,
                0.36414553225040436,
                0.36227797269821166,
                0.35817269086837766,
                0.35696033835411073,
                0.3561829298734665,
                0.3519075930118561,
                0.34893660247325897,
                0.35537274181842804,
                0.3482771337032318,
                0.3473708093166351,
                0.34937645494937897,
                0.3440077006816864,
                0.34465999603271485,
                0.3429710537195206
            ]
        }
    }
}