{
    "final_metrics": {
        "mse": 0.4415740501972305,
        "rmse": 0.6602529925448268,
        "training_history": {
            "loss": [
                3.687973165512085,
                2.336856245994568,
                0.9819275856018066,
                0.3745928257703781,
                0.23561978042125703,
                0.20297224223613738,
                0.18692643642425538,
                0.1761288970708847,
                0.1727622240781784,
                0.16893342435359954,
                0.1668486401438713,
                0.16806634813547133,
                0.16342146843671798,
                0.16070578694343568,
                0.1613122433423996,
                0.1582263484597206,
                0.15344722121953963,
                0.15574109852313994,
                0.1504908338189125,
                0.1500968135893345,
                0.1503557801246643,
                0.1459900178015232,
                0.1446271687746048,
                0.14282962009310723,
                0.14274356067180632,
                0.1439699001610279,
                0.14031233713030816,
                0.1418484628200531,
                0.1393086440861225,
                0.13862737491726876,
                0.1377781182527542,
                0.13701626136898995,
                0.13588564246892929,
                0.1353222794830799,
                0.1320481687784195,
                0.1310767002403736,
                0.1301451712846756,
                0.12897389456629754,
                0.13122768998146056,
                0.12670379430055617,
                0.12539188787341118,
                0.12386795431375504,
                0.12252619788050652,
                0.12131106629967689,
                0.12181874737143517,
                0.12040405794978142,
                0.11920384392142296,
                0.11651097238063812,
                0.11632822901010513,
                0.11359430849552155
            ],
            "mse": [
                3.687973165512085,
                2.336856245994568,
                0.9819275856018066,
                0.3745928257703781,
                0.23561978042125703,
                0.20297224223613738,
                0.18692643642425538,
                0.1761288970708847,
                0.1727622240781784,
                0.16893342435359954,
                0.1668486401438713,
                0.16806634813547133,
                0.16342146843671798,
                0.16070578694343568,
                0.1613122433423996,
                0.1582263484597206,
                0.15344722121953963,
                0.15574109852313994,
                0.1504908338189125,
                0.1500968135893345,
                0.1503557801246643,
                0.1459900178015232,
                0.1446271687746048,
                0.14282962009310723,
                0.14274356067180632,
                0.1439699001610279,
                0.14031233713030816,
                0.1418484628200531,
                0.1393086440861225,
                0.13862737491726876,
                0.1377781182527542,
                0.13701626136898995,
                0.13588564246892929,
                0.1353222794830799,
                0.1320481687784195,
                0.1310767002403736,
                0.1301451712846756,
                0.12897389456629754,
                0.13122768998146056,
                0.12670379430055617,
                0.12539188787341118,
                0.12386795431375504,
                0.12252619788050652,
                0.12131106629967689,
                0.12181874737143517,
                0.12040405794978142,
                0.11920384392142296,
                0.11651097238063812,
                0.11632822901010513,
                0.11359430849552155
            ],
            "rmse": [
                1.9183470964431764,
                1.5226813912391663,
                0.9797333776950836,
                0.6076395332813262,
                0.4847102701663971,
                0.4500586748123169,
                0.4321249693632126,
                0.4187240481376648,
                0.4151004165410995,
                0.41071503460407255,
                0.40806231200695037,
                0.4094115138053894,
                0.40373903810977935,
                0.4007110923528671,
                0.40131898820400236,
                0.39744522571563723,
                0.3913661986589432,
                0.3942721873521805,
                0.3877063989639282,
                0.38695057332515714,
                0.3871262490749359,
                0.3807413876056671,
                0.3797339856624603,
                0.3772746354341507,
                0.37737056016922,
                0.37903771698474886,
                0.37440991401672363,
                0.3763564705848694,
                0.3724350184202194,
                0.3718973070383072,
                0.3707220733165741,
                0.36894248723983764,
                0.3682182550430298,
                0.36712218523025514,
                0.3625222653150558,
                0.36187625825405123,
                0.360436338186264,
                0.3588206171989441,
                0.3619672030210495,
                0.35553044080734253,
                0.3534450143575668,
                0.350806787610054,
                0.3497095316648483,
                0.34750957489013673,
                0.3488727599382401,
                0.346298012137413,
                0.3447688579559326,
                0.3409835547208786,
                0.3404567211866379,
                0.3364330857992172
            ]
        }
    }
}