{
    "final_metrics": {
        "mse": 0.45983559569207283,
        "rmse": 0.6752458476452114,
        "training_history": {
            "loss": [
                3.9038415908813477,
                2.546812915802002,
                1.0023025393486023,
                0.32572670578956603,
                0.23161131590604783,
                0.20483712404966353,
                0.19023651331663133,
                0.18840173482894898,
                0.17558266520500182,
                0.17834609001874924,
                0.1729651942849159,
                0.16674517542123796,
                0.1687738209962845,
                0.16530802845954895,
                0.16259818524122238,
                0.161027255654335,
                0.15806296616792678,
                0.15606236606836318,
                0.1545383870601654,
                0.15204693824052812,
                0.1512198530137539,
                0.1492234706878662,
                0.15120406150817872,
                0.14545582979917526,
                0.14578884989023208,
                0.14587388485670089,
                0.1477854646742344,
                0.1372613713145256,
                0.13938419595360757,
                0.13854436129331588,
                0.1358381986618042,
                0.13755148351192475,
                0.13161954954266547,
                0.13176641911268233,
                0.13179380297660828,
                0.12663596421480178,
                0.12544845566153526,
                0.12679136469960212,
                0.12590848729014398,
                0.1252760149538517,
                0.1256731294095516,
                0.12013430371880532,
                0.12240912094712257,
                0.12090680375695229,
                0.11755213662981986,
                0.11571715176105499,
                0.11430949941277505,
                0.11491278633475303,
                0.11108713075518609,
                0.11172664538025856
            ],
            "mse": [
                3.9038415908813477,
                2.546812915802002,
                1.0023025393486023,
                0.32572670578956603,
                0.23161131590604783,
                0.20483712404966353,
                0.19023651331663133,
                0.18840173482894898,
                0.17558266520500182,
                0.17834609001874924,
                0.1729651942849159,
                0.16674517542123796,
                0.1687738209962845,
                0.16530802845954895,
                0.16259818524122238,
                0.161027255654335,
                0.15806296616792678,
                0.15606236606836318,
                0.1545383870601654,
                0.15204693824052812,
                0.1512198530137539,
                0.1492234706878662,
                0.15120406150817872,
                0.14545582979917526,
                0.14578884989023208,
                0.14587388485670089,
                0.1477854646742344,
                0.1372613713145256,
                0.13938419595360757,
                0.13854436129331588,
                0.1358381986618042,
                0.13755148351192475,
                0.13161954954266547,
                0.13176641911268233,
                0.13179380297660828,
                0.12663596421480178,
                0.12544845566153526,
                0.12679136469960212,
                0.12590848729014398,
                0.1252760149538517,
                0.1256731294095516,
                0.12013430371880532,
                0.12240912094712257,
                0.12090680375695229,
                0.11755213662981986,
                0.11571715176105499,
                0.11430949941277505,
                0.11491278633475303,
                0.11108713075518609,
                0.11172664538025856
            ],
            "rmse": [
                1.9743327975273133,
                1.589061939716339,
                0.9879381418228149,
                0.5678966045379639,
                0.4804838508367538,
                0.4518567234277725,
                0.4358079135417938,
                0.4331472545862198,
                0.41859292685985566,
                0.42214761674404144,
                0.4151195228099823,
                0.40742270052433016,
                0.4103026658296585,
                0.40593903660774233,
                0.40284033715724943,
                0.4008907079696655,
                0.39722071290016175,
                0.3943542391061783,
                0.3926790624856949,
                0.3896985977888107,
                0.38822720348834994,
                0.38598900735378266,
                0.3886087715625763,
                0.3812058359384537,
                0.38143341839313505,
                0.38138619661331175,
                0.38386627435684206,
                0.36958602666854856,
                0.3729195386171341,
                0.37146649658679964,
                0.36781134605407717,
                0.37061420679092405,
                0.3622972398996353,
                0.3625651717185974,
                0.36272860765457154,
                0.3557589054107666,
                0.3538281738758087,
                0.3557259917259216,
                0.3544611483812332,
                0.35329213440418245,
                0.35413089394569397,
                0.3459609091281891,
                0.3494542807340622,
                0.34738808274269106,
                0.34250128865242,
                0.3399049550294876,
                0.3377252250909805,
                0.3386512458324432,
                0.33261125683784487,
                0.3332194179296494
            ]
        }
    }
}