{
    "final_metrics": {
        "mse": 0.4719475786548414,
        "rmse": 0.683612252805778,
        "training_history": {
            "loss": [
                4.049521827697754,
                2.706274449825287,
                1.1634800493717194,
                0.39879236221313474,
                0.25359000712633134,
                0.2168985366821289,
                0.19234983772039413,
                0.1887914791703224,
                0.18088408410549164,
                0.17588398307561875,
                0.16877914667129518,
                0.16613059490919113,
                0.16505676358938218,
                0.16171453893184662,
                0.16261810511350633,
                0.1628957584500313,
                0.156980961561203,
                0.1554844468832016,
                0.15606987476348877,
                0.15216029435396194,
                0.15067745596170426,
                0.15235589444637299,
                0.1499555915594101,
                0.14801484495401382,
                0.15048254951834678,
                0.145844404399395,
                0.1431620292365551,
                0.141053906083107,
                0.13904100134968758,
                0.14398277923464775,
                0.13954245522618294,
                0.13827057629823686,
                0.13654177337884904,
                0.13476907536387445,
                0.1339354008436203,
                0.13401946946978568,
                0.1282966509461403,
                0.1323435813188553,
                0.13084226846694946,
                0.1268923230469227,
                0.1298090860247612,
                0.12755920141935348,
                0.1271778054535389,
                0.12369193434715271,
                0.12391534522175789,
                0.12391340434551239,
                0.1198542557656765,
                0.12265995368361474,
                0.12239646092057228,
                0.12094125673174858
            ],
            "mse": [
                4.049521827697754,
                2.706274449825287,
                1.1634800493717194,
                0.39879236221313474,
                0.25359000712633134,
                0.2168985366821289,
                0.19234983772039413,
                0.1887914791703224,
                0.18088408410549164,
                0.17588398307561875,
                0.16877914667129518,
                0.16613059490919113,
                0.16505676358938218,
                0.16171453893184662,
                0.16261810511350633,
                0.1628957584500313,
                0.156980961561203,
                0.1554844468832016,
                0.15606987476348877,
                0.15216029435396194,
                0.15067745596170426,
                0.15235589444637299,
                0.1499555915594101,
                0.14801484495401382,
                0.15048254951834678,
                0.145844404399395,
                0.1431620292365551,
                0.141053906083107,
                0.13904100134968758,
                0.14398277923464775,
                0.13954245522618294,
                0.13827057629823686,
                0.13654177337884904,
                0.13476907536387445,
                0.1339354008436203,
                0.13401946946978568,
                0.1282966509461403,
                0.1323435813188553,
                0.13084226846694946,
                0.1268923230469227,
                0.1298090860247612,
                0.12755920141935348,
                0.1271778054535389,
                0.12369193434715271,
                0.12391534522175789,
                0.12391340434551239,
                0.1198542557656765,
                0.12265995368361474,
                0.12239646092057228,
                0.12094125673174858
            ],
            "rmse": [
                2.01077743768692,
                1.6386856079101562,
                1.0613992035388946,
                0.626408725976944,
                0.5031907707452774,
                0.4651089608669281,
                0.43805459439754485,
                0.43427459299564364,
                0.4244179636240005,
                0.4188929915428162,
                0.4102640926837921,
                0.4070018261671066,
                0.4060400456190109,
                0.4018074631690979,
                0.4026045322418213,
                0.40340771079063414,
                0.3958083689212799,
                0.3939491420984268,
                0.3945931613445282,
                0.3895892083644867,
                0.38782048523426055,
                0.3900046318769455,
                0.3868806421756744,
                0.3845427125692368,
                0.3869402587413788,
                0.38164938390254977,
                0.37805087864398956,
                0.37515698075294496,
                0.37264851331710813,
                0.37870584428310394,
                0.3731786459684372,
                0.37109787166118624,
                0.36915276348590853,
                0.36674313247203827,
                0.3652103364467621,
                0.3655210673809052,
                0.35724957287311554,
                0.36350264251232145,
                0.36155430376529696,
                0.3559489011764526,
                0.3593351483345032,
                0.3567191779613495,
                0.35590597689151765,
                0.3514477789402008,
                0.35161852538585664,
                0.3517867147922516,
                0.3457466095685959,
                0.34972683489322665,
                0.3483124077320099,
                0.3473904550075531
            ]
        }
    }
}