{
    "final_metrics": {
        "mse": 0.45704332358612565,
        "rmse": 0.6736036064375753,
        "training_history": {
            "loss": [
                3.8430235624313354,
                2.472635328769684,
                1.025608742237091,
                0.36203404515981674,
                0.2427481234073639,
                0.20855503529310226,
                0.18659988790750504,
                0.1864177852869034,
                0.17638368159532547,
                0.17423728853464127,
                0.1725185826420784,
                0.16682721972465514,
                0.16445897966623307,
                0.16443586647510527,
                0.15781494081020356,
                0.15553222596645355,
                0.1591058239340782,
                0.15058136433362962,
                0.14745051860809327,
                0.14830519258975983,
                0.151326721906662,
                0.14889454767107962,
                0.15059607177972795,
                0.1462928056716919,
                0.1470803961157799,
                0.14309895187616348,
                0.1403153046965599,
                0.13650579378008842,
                0.13992947787046434,
                0.13590970039367675,
                0.13531070575118065,
                0.13660613894462587,
                0.13291308805346488,
                0.13404284194111823,
                0.12974170744419097,
                0.12923671752214433,
                0.1271317258477211,
                0.1263234868645668,
                0.12496747970581054,
                0.1262202225625515,
                0.1228676289319992,
                0.12240116074681281,
                0.12360870316624642,
                0.12076172456145287,
                0.11742463633418083,
                0.1211391344666481,
                0.11895709112286568,
                0.11580673903226853,
                0.1160816177725792,
                0.11337576434016228
            ],
            "mse": [
                3.8430235624313354,
                2.472635328769684,
                1.025608742237091,
                0.36203404515981674,
                0.2427481234073639,
                0.20855503529310226,
                0.18659988790750504,
                0.1864177852869034,
                0.17638368159532547,
                0.17423728853464127,
                0.1725185826420784,
                0.16682721972465514,
                0.16445897966623307,
                0.16443586647510527,
                0.15781494081020356,
                0.15553222596645355,
                0.1591058239340782,
                0.15058136433362962,
                0.14745051860809327,
                0.14830519258975983,
                0.151326721906662,
                0.14889454767107962,
                0.15059607177972795,
                0.1462928056716919,
                0.1470803961157799,
                0.14309895187616348,
                0.1403153046965599,
                0.13650579378008842,
                0.13992947787046434,
                0.13590970039367675,
                0.13531070575118065,
                0.13660613894462587,
                0.13291308805346488,
                0.13404284194111823,
                0.12974170744419097,
                0.12923671752214433,
                0.1271317258477211,
                0.1263234868645668,
                0.12496747970581054,
                0.1262202225625515,
                0.1228676289319992,
                0.12240116074681281,
                0.12360870316624642,
                0.12076172456145287,
                0.11742463633418083,
                0.1211391344666481,
                0.11895709112286568,
                0.11580673903226853,
                0.1160816177725792,
                0.11337576434016228
            ],
            "rmse": [
                1.9584583044052124,
                1.5657068133354186,
                0.9986587703227997,
                0.5978779643774033,
                0.4921845644712448,
                0.4552541643381119,
                0.4318548321723938,
                0.431228244304657,
                0.41920344829559325,
                0.4162452191114426,
                0.4151329755783081,
                0.4079763740301132,
                0.40506472289562223,
                0.4051007866859436,
                0.3970630019903183,
                0.3942085802555084,
                0.3986835479736328,
                0.3871839642524719,
                0.38332249224185944,
                0.38426280617713926,
                0.38791747093200685,
                0.3852816790342331,
                0.3878767043352127,
                0.38185395002365113,
                0.383015912771225,
                0.3779092192649841,
                0.3742623716592789,
                0.36815227270126344,
                0.373686695098877,
                0.36846389472484586,
                0.3675263851881027,
                0.3679460346698761,
                0.36434883177280425,
                0.3657545804977417,
                0.35977603495121,
                0.3585688143968582,
                0.3561585873365402,
                0.35447581112384796,
                0.35307028889656067,
                0.3549621045589447,
                0.34993307292461395,
                0.34948202669620515,
                0.3513228058815002,
                0.34718579053878784,
                0.3421565890312195,
                0.3479510396718979,
                0.34461976289749147,
                0.3401048183441162,
                0.3402435123920441,
                0.33602442145347594
            ]
        }
    }
}